YEARMONTH,EPISODE_ID,EVENT_ID,LOCATION_INDEX,RANGE,AZIMUTH,LOCATION,LATITUDE,LONGITUDE,LAT2,LON2
202601,209758,1308089,2,3.94,"NNE","LINCOLN",38.93,-121.2448,3855800,12114688
202601,209758,1308089,3,3.69,"NNE","LINCOLN",38.9255,-121.2442,3855530,12114652
202601,209758,1308089,4,3.57,"NNE","LINCOLN",38.9257,-121.249,3855542,12114940
202601,209758,1308090,1,1.29,"WNW","CAMANCHE",38.18,-120.92,3810800,12055200
202601,209758,1308090,2,1.19,"WNW","CAMANCHE",38.1765,-120.9202,3810590,12055212
202601,209758,1308090,3,.97,"WNW","CAMANCHE",38.1765,-120.9158,3810590,12054948
202601,209758,1308090,4,1.05,"NW","CAMANCHE",38.1804,-120.9141,3810824,12054846
202601,209758,1308091,1,.54,"W","LARCHMONT RIVERIA",38.55,-121.34,3833000,12120400
202601,209758,1308091,2,.87,"SW","LARCHMONT RIVERIA",38.5424,-121.3429,3832544,12120574
202601,209758,1308091,3,.69,"S","LARCHMONT RIVERIA",38.5402,-121.3323,3832412,12119938
202601,209758,1308091,4,.18,"SSW","LARCHMONT RIVERIA",38.5475,-121.3309,3832850,12119854
202601,209758,1308092,1,2.23,"WSW","(CIC)CHICO MUNI ARPT",39.79,-121.89,3947400,12153400
202601,209758,1308092,2,2.57,"WSW","(CIC)CHICO MUNI ARPT",39.7876,-121.8957,3947256,12153742
202601,209758,1308092,3,3.31,"W","(CIC)CHICO MUNI ARPT",39.7991,-121.9124,3947946,12154744
202601,209758,1308092,4,2.73,"W","(CIC)CHICO MUNI ARPT",39.8029,-121.9013,3948174,12154078
202601,209758,1308095,1,1.67,"WSW","CLIPPER GAP",38.9581,-121.0471,3857486,1212826
202601,209758,1308095,2,2.27,"SSE","CLIPPER GAP",38.9406,-121.0013,3856436,12178
202601,209781,1312037,1,.78,"SSW","TINLEY PARK",41.559,-87.793,4133540,8747580
202601,209781,1312037,2,.6,"ENE","SOUTH SHORE",41.763,-87.559,4145780,8733540
202601,209781,1312037,3,2.29,"S","BURR RIDGE",41.717,-87.915,4143020,8754900
202601,209781,1312037,4,2.07,"NE","LEMONT",41.687,-87.967,4141220,8758020
202601,209781,1312037,5,1.82,"NW","LEMONT",41.685,-88.029,4141100,881740
202601,209781,1312037,6,2.41,"SW","LEMONT",41.642,-88.028,4138520,881680
202601,209781,1312037,7,3.34,"WNW","ORLAND PARK",41.644,-87.912,4138640,8754720
202601,209781,1312037,8,2.73,"SSW","ALPINE",41.557,-87.909,4133420,8754540
202601,209781,1312077,1,2.29,"S","BURR RIDGE",41.717,-87.915,4143020,8754900
202601,209781,1312077,2,.6,"ENE","SOUTH SHORE",41.763,-87.559,4145780,8733540
202601,209781,1312077,3,.4,"SW","NORTHERLY ISLAND",41.8554,-87.6146,4151324,8736876
202601,209781,1312077,4,.59,"SSE","GOLD COAST",41.9027,-87.6241,4154162,8737446
202601,209781,1312077,5,.65,"NNE","ROGERS PARK",42.0179,-87.6633,421074,8739798
202601,209781,1312077,6,.39,"S","BENSENVILLE",41.9444,-87.9203,4156664,8755218
202601,209781,1312077,7,1.05,"W","BERKELEY",41.8898,-87.9205,4153388,8755230
202601,209781,1312082,1,3.05,"S","AURORA",41.726,-88.2649,4143560,8815894
202601,209781,1312082,2,1.9,"SSW","(DPA) DUPAGE AIRPORT",41.874,-88.262,4152440,8815720
202601,209781,1312082,3,.63,"SE","BENSENVILLE",41.9444,-87.9203,4156664,8755218
202601,209781,1312082,4,1.23,"SE","ELMHURST",41.8898,-87.9205,4153388,8755230
202601,209781,1312082,5,.8,"ESE","PALISADES",41.717,-87.915,4143020,8754900
202601,209781,1312082,6,2.37,"S","ARGONNE NATIONAL LABORATORY",41.6857,-87.9828,4141142,8758968
202601,209781,1312082,7,.99,"S","BOLINGBROOK",41.6857,-88.0307,4141142,881842
202601,209781,1312082,8,1.68,"SE","WOODRIDGE",41.7304,-88.0307,4143824,881842
202601,209781,1312084,1,1.49,"NNW","IDYLSIDE",41.5402,-88.1301,4132412,887806
202601,209781,1312084,2,.89,"SW","FOREST PARK",41.5402,-88.0612,4132412,883672
202601,209781,1312084,3,1.37,"NE","PRESTON HEIGHTS",41.504,-88.0612,4130240,883672
202601,209781,1312084,4,.59,"WNW","ROCKDALE",41.504,-88.1301,4130240,887806
202601,209781,1312095,1,2.42,"WNW","WHEELING",42.1586,-87.9701,429516,8758206
202601,209781,1312095,2,1.77,"NW","NORTH NORTHFIELD",42.1586,-87.9037,429516,8754222
202601,209781,1312095,3,1.77,"SE","MT PROSPECT",42.0534,-87.9037,423204,8754222
202601,209781,1312095,4,2.36,"WSW","MT PROSPECT",42.0534,-87.9701,423204,8758206
202601,209781,1312098,1,.76,"ENE","BRIGHTON PARK",41.8249,-87.6867,4149494,8741202
202601,209781,1312100,1,.99,"NNE","(MDW) CHICAGO MIDWAY AIRPORT",41.793,-87.7421,4147580,8744526
202601,209781,1312104,1,.52,"NW","BUCKTOWN",41.9249,-87.6877,4155494,8741262
202601,209782,1308702,1,0,"N","HARRISON-DEVER CRIB",41.92,-87.57,4155200,8734200
202601,209821,1308431,1,.54,"S","ELKTON",32.3123,-95.2712,3218738,9516272
202601,209821,1308431,2,.44,"SSE","ELKTON",32.3138,-95.2682,3218828,9516092
202601,209821,1308431,3,.49,"SSE","ELKTON",32.3131,-95.2677,3218786,9516062
202601,209821,1308431,4,.58,"S","ELKTON",32.3117,-95.2709,3218702,9516254
202601,209822,1308441,1,1.41,"NNE","COUSHATTA ARPT",31.999,-93.2911,3159940,9317466
202601,209822,1308441,2,1.71,"NNE","COUSHATTA ARPT",32.0015,-93.2855,3290,9317130
202601,209822,1308446,1,3.95,"E","HALFWAY",32.1121,-93.3032,326726,9318192
202601,209822,1308453,1,1.4,"N","HANNA",31.9902,-93.3483,3159412,9320898
202601,209822,1308456,1,1.14,"NNW","COUSHATTA ARPT",31.9956,-93.3065,3159736,9318390
202601,209822,1308461,1,2.59,"NE","COUSHATTA ARPT",32.0071,-93.2695,32426,9316170
202601,209847,1308731,1,0,"N","MICHIGAN CITY HARBOR",41.72,-86.92,4143200,8655200
202601,209847,1308732,1,0,"N","HARRISON-DEVER CRIB",41.92,-87.57,4155200,8734200
202601,209866,1308792,1,0,"N","DIAMOND SHOALS BUOY",35.01,-75.4,35600,7524000
202601,209866,1308793,1,.76,"ESE","OREGON INLET",35.7745,-75.5183,3546470,7531098
202601,209866,1308794,1,0,"N","JENNETTE'S FISHING PIER",35.91,-75.59,3554600,7535400
202601,209866,1308795,1,9.9,"ESE","ENGELHARD",35.425,-75.8333,3525500,7549998
202601,209938,1309394,1,1.5,"NNW","WHITEHOUSE FORKS",30.82,-87.84,3049200,8750400
202601,209938,1309396,1,.91,"NE","WHITEHOUSE FORKS",30.81,-87.82,3048600,8749200
202601,209938,1309400,1,.59,"E","PAUL",31.32,-86.74,3119200,8644400
202601,209939,1309402,1,.91,"NW","BAGDAD",30.61,-87.04,3036600,872400
202601,210028,1310205,1,1.38,"N","DELANO",35.79,-119.25,3547400,11915000
202601,210028,1310205,2,1.43,"N","DELANO",35.7907,-119.2507,3547442,11915042
202601,210028,1310205,3,1.41,"N","DELANO",35.7903,-119.2508,3547418,11915048
202601,210028,1310205,4,1.38,"N","DELANO",35.79,-119.2505,3547400,11915030
202601,210028,1310206,1,.56,"E","CAWELO",35.5,-119.16,3530000,1199600
202601,210028,1310206,2,.62,"NNE","CAWELO",35.5087,-119.1678,3530522,11910068
202601,210028,1310206,3,.4,"NE","MINTER VLG",35.5045,-119.1756,3530270,11910536
202601,210028,1310206,4,.09,"E","CAWELO",35.4999,-119.1684,3529994,11910104
202601,210028,1310208,1,.82,"ENE","FORD CITY",35.1532,-119.4561,359192,11927366
202601,210028,1310208,2,.8,"ENE","FORD CITY",35.1528,-119.4563,359168,11927378
202601,210028,1310208,3,.79,"ENE","FORD CITY",35.1528,-119.4565,359168,11927390
202601,210028,1310208,4,.8,"ENE","FORD CITY",35.1532,-119.4564,359192,11927384
202601,210028,1310209,1,.56,"ENE","OIL JCT",35.4028,-119.0406,3524168,1192436
202601,210028,1310209,2,.56,"ENE","OIL JCT",35.4033,-119.0409,3524198,1192454
202601,210028,1310209,3,.54,"ENE","OIL JCT",35.4029,-119.0412,3524174,1192472
202601,210028,1310209,4,.54,"ENE","OIL JCT",35.4027,-119.041,3524162,1192460
202601,210047,1310095,1,.77,"WNW","HILYER",32.9852,-84.9917,3259112,8459502
202601,210047,1310096,1,.75,"NE","LEES CROSSING",33.0588,-85.0425,333528,852550
202601,210047,1310097,1,2.15,"E","LA GRANGE",33.031,-84.9929,331860,8459574
202601,210047,1310098,1,3.83,"ESE","ANDERSONS CORNER",32.8684,-84.8854,3252104,8453124
202601,210047,1310099,1,1.5,"NNE","PEEKS XING",33.32,-84.59,3319200,8435400
202601,210047,1310100,1,3.14,"ENE","MC COLLUM",33.4647,-84.6484,3327882,8438904
202601,210047,1310101,1,3.73,"ESE","THOMAS XRDS",33.38,-84.62,3322800,8437200
202601,210047,1310102,1,1.12,"N","MADRAS",33.4461,-84.7268,3326766,8443608
202601,210047,1310103,1,2.45,"E","MC BRIDE",33.3851,-84.738,3323106,8444280
202601,210047,1310104,1,2.59,"SSW","THOMAS XRDS",33.3684,-84.7042,3322104,8442252
202601,210047,1310105,1,2.69,"WNW","ST CHARLES",33.29,-84.82,3317400,8449200
202601,210047,1310106,1,0,"N","DRESDEN",33.42,-84.8,3325200,8448000
202601,210047,1310107,1,.39,"NW","MC BRIDE",33.3844,-84.7842,3323064,8447052
202601,210047,1310108,1,2.37,"SSW","NEWNAN",33.34,-84.82,3320400,8449200
202601,210047,1310109,1,4.96,"NNW","GRANTVILLE",33.2959,-84.8638,3317754,8451828
202601,210047,1310110,1,4.04,"WNW","GRANTVILLE",33.26,-84.89,3315600,8453400
202601,210047,1310111,1,2.34,"SE","WELCOME",33.3765,-84.8507,3322590,8451042
202601,210047,1310112,1,4.99,"SSE","HANDY",33.3157,-84.9305,3318942,8455830
202601,210047,1310113,1,6.73,"WNW","GRANTVILLE",33.28,-84.93,3316800,8455800
202601,210047,1310114,1,.9,"SE","GREENWAY",33.94,-85.36,3356400,8521600
202601,210047,1310115,1,1.12,"S","LOWELL",33.4539,-85.048,3327234,852880
202601,210047,1310115,2,1.54,"SE","LOWELL",33.455,-85.0302,3327300,851812
202601,210056,1311111,1,2.39,"WNW","HUNTINGTON BEACH",33.6846,-118.0378,3341076,1182268
202601,210056,1311111,2,1.6,"SE","SUNSET BEACH",33.7013,-118.0536,3342078,1183216
202601,210056,1311111,3,1.62,"SE","SUNSET BEACH",33.7019,-118.0521,3342114,1183126
202601,210056,1311111,4,2.36,"WSW","MIDWAY CITY",33.6853,-118.0371,3341118,1182226
202601,210056,1311112,1,.66,"ENE","(SAN)SAN DIEGO INTL",32.734,-117.1698,3244040,11710188
202601,210056,1311112,2,.59,"ENE","(SAN)SAN DIEGO INTL",32.7322,-117.1702,3243932,11710212
202601,210056,1311112,3,.62,"ENE","(SAN)SAN DIEGO INTL",32.7322,-117.1697,3243932,11710182
202601,210056,1311112,4,.68,"ENE","(SAN)SAN DIEGO INTL",32.734,-117.1692,3244040,11710152
202601,210056,1311113,1,.91,"ENE","PACIFIC BEACH",32.8069,-117.2166,3248414,11712996
202601,210056,1311113,2,.98,"ENE","PACIFIC BEACH",32.8072,-117.2155,3248432,11712930
202601,210056,1311113,3,.98,"ENE","PACIFIC BEACH",32.8066,-117.2151,3248396,11712906
202601,210056,1311113,4,.92,"ENE","PACIFIC BEACH",32.8064,-117.2162,3248384,11712972
202601,210056,1311519,1,.88,"SSE","LA PRESA",32.7094,-117.0118,3242564,117708
202601,210056,1311519,2,.95,"SE","LA PRESA",32.7095,-117.0094,3242570,117564
202601,210056,1311519,3,.98,"SE","LA PRESA",32.709,-117.0094,3242540,117564
202601,210056,1311519,4,.92,"SSE","LA PRESA",32.7088,-117.0115,3242528,117690
202601,210056,1311523,1,1.34,"S","(MYF)MNTGMRY FLD SAN",32.8006,-117.1294,3248036,1177764
202601,210056,1311535,1,.34,"WNW","(SAN)SAN DIEGO INTL",32.7321,-117.1853,3243926,11711118
202601,210056,1311544,1,1.21,"NW","HILLCREST",32.762,-117.1651,3245720,1179906
202601,210056,1311544,2,1.13,"NW","HILLCREST",32.7622,-117.1631,3245732,1179786
202601,210056,1311544,3,1.07,"NW","HILLCREST",32.761,-117.1631,3245660,1179786
202601,210056,1311544,4,1.15,"NW","HILLCREST",32.7609,-117.1649,3245654,1179894
202601,210056,1311546,1,.95,"SE","SORRENTO",32.8906,-117.2081,3253436,11712486
202601,210056,1311546,2,1.15,"SE","SORRENTO",32.8898,-117.2044,3253388,11712264
202601,210056,1311546,3,1.25,"SE","SORRENTO",32.8877,-117.2042,3253262,11712252
202601,210056,1311546,4,1,"SE","SORRENTO",32.8895,-117.2081,3253370,11712486
202601,210063,1310151,1,14.93,"ENE","DAYTONA BEACH",29.3,-80.8,2918000,8048000
202601,210063,1310152,1,.92,"SW","MERRITT ISLAND",28.34,-80.73,2820400,8043800
202601,210063,1310153,1,6.97,"NE","CAPE CANAVERAL",28.46,-80.53,2827600,8031800
202601,210063,1310154,1,2.33,"NW","MELBOURNE",28.0993,-80.6314,285958,8037884
202601,210063,1310155,1,2.62,"WNW","ST. LUCIE INLET",27.497,-80.3583,2729820,8021498
202601,210107,1310324,1,1.76,"E","FORRESTER",31.64,-84.14,3138400,848400
202601,210107,1310325,1,3.5,"N","STOCKS",31.7,-84.1,3142000,846000
202601,210108,1310326,1,0,"N","ELBA",31.41,-86.07,3124600,864200
202601,210108,1310327,1,.91,"SW","DAMASCUS",31.31,-86.01,3118600,86600
202601,210108,1310328,1,0,"N","ENTERPRISE",31.32,-85.84,3119200,8550400
202601,210108,1310329,1,0,"N","LEVEL PLAINS",31.3,-85.76,3118000,8545600
202601,210108,1310330,1,0,"N","OZARK",31.44,-85.64,3126400,8538400
202601,210108,1310331,1,3,"S","GANER",31.0366,-86.1,312196,866000
202601,210108,1310332,1,1,"NNE","DALEVILLE",31.2934,-85.7135,3117604,8542810
202601,210108,1310333,1,1,"NNE","DALEVILLE",31.2934,-85.7135,3117604,8542810
202601,210108,1310338,1,1,"ESE","GERALD",31.3045,-85.7344,3118270,8544064
202601,210108,1310341,1,2,"W","KNOX FIELD",31.32,-85.7039,3119200,8542234
202601,210108,1310342,1,1,"SSW","KNOX FIELD",31.3066,-85.6765,3118396,8540590
202601,210108,1310345,1,2,"NNE","DALEVILLE",31.3067,-85.707,3118402,8542420
202601,210108,1310346,1,2,"WSW","KNOX FIELD",31.3089,-85.7013,3118534,8542078
202601,210108,1310351,1,2,"NE","DALEVILLE",31.3005,-85.6961,3118030,8541766
202601,210108,1310390,1,2,"E","CAIRNS ARMY-AIR FIELD",31.27,-85.6761,3116200,8540566
202601,210108,1310391,1,0,"N","LEVEL PLAINS",31.3,-85.76,3118000,8545600
202601,210108,1310392,1,2,"WSW","DAMASCUS",31.3089,-86.0313,3118534,861878
202601,210108,1310899,1,0,"N","EUNOLA",31.04,-85.84,312400,8550400
202601,210108,1310901,1,2,"NNE","DALEVILLE",31.3067,-85.707,3118402,8542420
202601,210108,1310902,1,0,"N","ENTERPRISE MUNICIPAL ARPT",31.29,-85.89,3117400,8553400
202601,210108,1310908,1,0,"N","INO",31.27,-86.09,3116200,865400
202601,210108,1310912,1,2,"E","POWER DAM ROAD",31.26,-85.6061,3115600,8536366
202601,210108,1310917,1,0,"N","MIDLAND CITY",31.31,-85.49,3118600,8529400
202601,210108,1310918,1,2,"E","CAIRNS ARMY-AIR FIELD",31.27,-85.6761,3116200,8540566
202601,210108,1310919,1,5,"SSE","HARTFORD",31.0331,-85.6577,311986,8539462
202601,210108,1310920,1,0,"N","HEADLAND",31.35,-85.34,3121000,8520400
202601,210108,1310921,1,0,"N","BRANNON STAND",31.24,-85.48,3114400,8528800
202601,210108,1311072,1,2,"W","MIDLAND CITY",31.31,-85.5239,3118600,8531434
202601,210108,1311073,1,3,"ESE","BAGWELLS CROSSROADS",31.3534,-85.513,3121204,8530780
202601,210108,1311075,1,1.82,"NW","ARDILLA",31.19,-85.38,3111400,8522800
202601,210108,1311075,2,2.07,"S","DOTHAN",31.19,-85.39,3111400,8523400
202601,210108,1311076,1,1,"SSW","DAMASCUS",31.3066,-86.0065,3118396,86390
202601,210108,1311077,1,0,"N","COLUMBIA",31.29,-85.11,3117400,856600
202601,210108,1311081,1,0,"N","PANSEY",31.15,-85.17,319000,8510200
202601,210108,1311082,1,1,"NW","FARLEY NUCLEAR PLANT",31.2302,-85.122,3113812,857320
202601,210108,1311085,1,0,"N","GORDON",31.14,-85.09,318400,855400
202601,210108,1311728,1,.69,"NW","GENEVA",31.0369,-85.8784,312214,8552704
202601,210108,1311728,2,1.37,"ESE","EUNOLA",31.0352,-85.8175,312112,8549050
202601,210108,1311729,1,1.41,"W","PLEASANT PLAINS",31.3001,-85.2439,3118006,8514634
202601,210108,1311729,2,.75,"SE","COLUMBIA",31.2839,-85.0995,3117034,855970
202601,210108,1311730,1,1.19,"ESE","MADRID",31.0227,-85.3718,311362,8522308
202601,210108,1311730,2,1.27,"ESE","MADRID",31.0228,-85.3703,311368,8522218
202601,210109,1310350,1,2,"NE","SAND HILL",30.8505,-86.1662,3051030,869972
202601,210109,1310393,1,3,"SSW","CENTER RIDGE",30.7599,-86.1093,3045594,866558
202601,210109,1310915,1,3,"SW","PINEY GROVE",30.7693,-86.1557,3046158,869342
202601,210109,1310916,1,1.38,"N","CENTER RIDGE",30.82,-86.09,3049200,865400
202601,210109,1311071,1,0,"N","PONCE DE LEON",30.72,-85.93,3043200,8555800
202601,210109,1311078,1,1,"WNW","JOHNSON CROSSROAD",30.7255,-85.6756,3043530,8540536
202601,210109,1311079,1,0,"N","BONIFAY",30.78,-85.68,3046800,8540800
202601,210109,1311084,1,4,"SE","GRACEVILLE",30.9091,-85.4623,3054546,8527738
202601,210109,1311086,1,0,"N","MILLERS FERRY",30.57,-85.84,3034200,8550400
202601,210109,1311087,1,2,"NW","HOLMES VALLEY",30.5905,-85.7638,3035430,8545828
202601,210109,1311089,1,0,"N","CHIPLEY",30.77,-85.53,3046200,8531800
202601,210109,1311092,1,2,"SW","SILLS",30.9195,-85.3039,3055170,8518234
202601,210109,1311093,1,0,"N","ALFORD",30.69,-85.39,3041400,8523400
202601,210109,1311199,1,2,"S","KYNESVILLE",30.7011,-85.35,3042066,8521000
202601,210109,1311202,1,6,"SE","KYNESVILLE",30.6686,-85.2786,3040116,8516716
202601,210109,1311204,1,2,"W","CENTER LAKE",30.55,-85.3636,3033000,8521816
202601,210109,1311214,1,3,"NNE","BLUE SPRINGS",30.8201,-85.1207,3049206,857242
202601,210109,1311215,1,2,"NNE","STAR",30.7367,-85.1171,3044202,857026
202601,210109,1311216,1,2,"NNE","NIXON",30.3467,-85.4372,3020802,8526232
202601,210109,1311218,1,0,"N","CHATTAHOOCHEE",30.7,-84.84,3042000,8450400
202601,210109,1311220,1,2,"NNW","KENNYS MILL",30.4367,-85.0729,3026202,854374
202601,210109,1311222,1,0,"N","HONEYVILLE",30.05,-85.19,303000,8511400
202601,210109,1311224,1,0,"N","HOSFORD",30.39,-84.79,3023400,8447400
202601,210109,1311727,1,2.06,"S","LIBERTY",30.7907,-86.2036,3047442,8612216
202601,210109,1311727,2,2.51,"SE","LIBERTY",30.7905,-86.1853,3047430,8611118
202601,210110,1311080,1,2,"WSW","HILTON",31.2689,-85.0913,3116134,855478
202601,210110,1311083,1,1,"NNE","BLAKELY",31.3834,-84.9235,3123004,8455410
202601,210110,1311088,1,0,"N","ROWENA",31.38,-84.71,3122800,8442600
202601,210110,1311090,1,3,"NW","COLQUITT",31.2007,-84.7659,3112042,8445954
202601,210110,1311091,1,4.63,"WSW","ENTERPRISE",31.09,-84.89,315400,8453400
202601,210110,1311200,1,1,"WNW","FORRESTER",31.6455,-84.1857,3138730,8411142
202601,210110,1311201,1,3,"W","DESSER",30.88,-84.9106,3052800,8454636
202601,210110,1311203,1,0,"N","NEWTON",31.31,-84.33,3118600,8419800
202601,210110,1311217,1,3.01,"NNE","LAKE SEMINOLE",30.78,-84.85,3046800,8451000
202601,210110,1311221,1,1,"ENE","PELHAM",31.1255,-84.1344,317530,848064
202601,210110,1311225,1,0,"N","MOULTRIE",31.17,-83.78,3110200,8346800
202601,210110,1311227,1,4,"SSW","I-75 AT EXIT 5",30.6265,-83.2458,3037590,8314748
202601,210116,1310424,1,4.13,"WSW","TUSCON RYAN FLD ARPT",32.109,-111.2361,326540,11114166
202601,210116,1310424,2,3.75,"WSW","TUSCON RYAN FLD ARPT",32.1102,-111.2297,326612,11113782
202601,210120,1310429,1,.55,"W","COLUMBUS",37.17,-94.84,3710200,9450400
202601,210128,1310477,1,1.18,"E","BISBEE",31.43,-109.9,3125800,10954000
202601,210221,1311147,1,1.82,"SE","ESSEN",30.38,-91.08,3022800,914800
202601,210221,1311147,2,2.03,"SE","ESSEN",30.3766,-91.0794,3022596,914764
202601,210221,1311147,3,1.51,"SSE","ESSEN",30.3807,-91.0881,3022842,915286
202601,210221,1311147,4,1.51,"SE","ESSEN",30.3833,-91.0838,3022998,915028
202601,210221,1311148,1,1.78,"W","ZACHARY",30.65,-91.18,3039000,9110800
202601,210221,1311148,2,1.8,"WNW","ZACHARY",30.6578,-91.1788,3039468,9110728
202601,210221,1311148,3,1.12,"WNW","ZACHARY",30.6567,-91.1671,3039402,9110026
202601,210221,1311148,4,1.15,"W","ZACHARY",30.6494,-91.1693,3038964,9110158
202601,210221,1311149,1,3.46,"NW","ALBANY",30.5401,-90.6148,3032406,9036888
202601,210221,1311149,2,3.61,"NNW","ALBANY",30.5457,-90.6093,3032742,9036558
202601,210221,1311149,3,3.02,"NNW","ALBANY",30.5391,-90.6025,3032346,9036150
202601,210221,1311149,4,3.09,"NW","ALBANY",30.536,-90.6107,3032160,9036642
202601,210222,1311156,1,3.55,"E","MC ELVEEN",31.2,-90.56,3112000,9033600
202601,210222,1311156,2,4.39,"E","MC ELVEEN",31.2003,-90.5458,3112018,9032748
202601,210222,1311156,3,4.14,"E","MC ELVEEN",31.1901,-90.551,3111406,9033060
202601,210222,1311156,4,3.23,"E","MC ELVEEN",31.1953,-90.5655,3111718,9033930
202601,210222,1311157,1,1.18,"W","ENON",31.3,-90.25,3118000,9015000
202601,210222,1311157,2,.74,"W","ENON",31.3005,-90.2425,3118030,9014550
202601,210222,1311157,3,1.41,"SSW","ENON",31.282,-90.2412,3116920,9014472
202601,210222,1311157,4,2.11,"WSW","ENON",31.2881,-90.2629,3117286,9015774
202601,210222,1311158,1,1.37,"ENE","MC COMB",31.26,-90.45,3115600,9027000
202601,210222,1311158,2,1.52,"ENE","MC COMB",31.2598,-90.447,3115588,9026820
202601,210222,1311158,3,1.53,"NE","MC COMB",31.2629,-90.449,3115774,9026940
202601,210222,1311158,4,1.4,"NE","MC COMB",31.2627,-90.4516,3115762,9027096
202601,210222,1311159,1,1.37,"ESE","MAGNOLIA",31.14,-90.45,318400,9027000
202601,210222,1311159,2,1.33,"ESE","MAGNOLIA",31.1418,-90.4497,318508,9026982
202601,210222,1311159,3,1.53,"ESE","MAGNOLIA",31.1393,-90.4474,318358,9026844
202601,210222,1311159,4,1.44,"ESE","MAGNOLIA",31.1392,-90.4493,318352,9026958
202601,210223,1311146,1,0,"N","LAKEFRONT AIRPORT - XLKF WEATHERFLOW",30.04,-90.02,302400,901200
202601,210225,1311168,1,1.01,"S","CANNON BEACH",45.8855,-123.9673,4553130,12358038
202601,210225,1311168,2,1.02,"S","CANNON BEACH",45.8856,-123.966,4553136,12357960
202601,210227,1311183,1,1.38,"ENE","LENTO STATION",34.4743,-120.1463,3428458,1208778
202601,210227,1311183,2,1.07,"WNW","TAJIGUAS",34.4741,-120.1381,3428446,1208286
202601,210227,1311183,3,1.09,"WNW","TAJIGUAS",34.4755,-120.138,3428530,1208280
202601,210227,1311183,4,1.46,"ENE","LENTO STATION",34.4752,-120.1452,3428512,1208712
202601,210227,1311185,1,.63,"WSW","ELLWOOD",34.4259,-119.8899,3425554,11953394
202601,210227,1311185,2,1.01,"WSW","GAVIOTA",34.4767,-120.2372,3428602,12014232
202601,210227,1311185,3,1.12,"NNW","LAS CRUCES",34.5141,-120.2298,3430846,12013788
202601,210227,1311185,4,1.12,"WSW","EL ENCANTO",34.4436,-119.8981,3426616,11953886
202601,210227,1311186,1,1.06,"W","ORELLA",34.467,-120.0683,3428020,1204098
202601,210227,1311186,2,1.11,"W","ORELLA",34.467,-120.0692,3428020,1204152
202601,210227,1311186,3,1.11,"WSW","ORELLA",34.4666,-120.0691,3427996,1204146
202601,210227,1311186,4,1.09,"WSW","ORELLA",34.4665,-120.0686,3427990,1204116
202601,210227,1311187,1,2.36,"NE","GOLETA",34.4579,-119.796,3427474,11947760
202601,210227,1311187,2,2.39,"NE","GOLETA",34.4575,-119.7945,3427450,11947670
202601,210227,1311187,3,2.36,"NE","GOLETA",34.4571,-119.7948,3427426,11947688
202601,210227,1311187,4,2.34,"NE","GOLETA",34.4576,-119.7961,3427456,11947766
202601,210227,1311188,1,.96,"NNW","LA PATERA",34.4321,-119.8583,3425926,11951498
202601,210227,1311188,2,.4,"NNE","(SBA)SANTA BARBARA A",34.4354,-119.8274,3426124,11949644
202601,210227,1311188,3,.69,"SSW","(SBA)SANTA BARBARA A",34.4203,-119.8325,3425218,11949950
202601,210227,1311188,4,.41,"NW","LA PATERA",34.4246,-119.8547,3425476,11951282
202601,210227,1311189,1,.8,"E","LOS ALAMOS",34.749,-120.2659,3444940,12015954
202601,210227,1311189,2,3.47,"SSW","BICKNELL",34.784,-120.4245,3447040,12025470
202601,210227,1311189,3,3.88,"E","(VBG)VANDENBERG AFB",34.7564,-120.4321,3445384,12025926
202601,210227,1311189,4,.98,"SSE","LOS ALAMOS",34.7361,-120.2766,3444166,12016596
202601,210227,1311190,1,2.28,"W","DULAH",34.32,-119.39,3419200,11923400
202601,210227,1311190,2,2.2,"W","DULAH",34.3231,-119.3885,3419386,11923310
202601,210227,1311190,3,1.83,"W","DULAH",34.3227,-119.3819,3419362,11922914
202601,210227,1311190,4,1.83,"W","DULAH",34.3204,-119.3821,3419224,11922926
202601,210242,1311395,1,0,"N","GRAND ISLE STATION (GISL1)",29.26,-89.96,2915600,8957600
202601,210242,1311396,1,0,"N","LKFRNT ARPT NEW",30.05,-90.03,303000,901800
202601,210242,1311398,1,2.44,"ESE","BAY WAVELAND YACHT CLUB STATION (WYCM6)",30.3211,-89.2903,3019266,8917418
202601,210242,1311399,1,0,"N","PETIS BOIS ISLAND STATION (PTBM6)",30.21,-88.5,3012600,8830000
202601,210242,1311401,1,6.9,"ENE","EAST OF CHANDELEUR ISLAND",29.95,-88.59,2957000,8835400
202601,210242,1311402,1,0,"N","SHIP ISLAND - XSHI WEATHERFLOW",30.23,-88.98,3013800,8858800
202601,210313,1312075,1,1.82,"NE","DOG RIVER BRIDGE",30.59,-88.07,3035400,884200
202601,210313,1312076,1,0,"N","FORT GAINES",30.25,-88.08,3015000,884800
202601,210313,1312078,1,0,"N","FORT MORGAN",30.23,-88.02,3013800,881200
202601,210313,1312094,1,3.63,"SW","PERDIDO BAY",30.31,-87.5,3018600,8730000
202601,210313,1312199,1,11.12,"S","PERDIDO PASS",30.11,-87.58,306600,8734800
202601,210313,1312549,1,0,"N","PENSACOLA BAY",30.38,-87.22,3022800,8713200
202601,210313,1312551,1,6.33,"S","EAST BAY",30.36,-86.99,3021600,8659400
202601,210313,1312552,1,9.58,"ESE","EAST BAY",30.4,-86.86,3024000,8651600
202601,210313,1312557,1,1.38,"S","SHALIMAR",30.42,-86.58,3025200,8634800
202601,210314,1312083,1,2.16,"NNW","OAK",30.35,-87.71,3021000,8742600
202601,210314,1312088,1,0,"N","FLORALA",31,-86.33,3100,8619800
202601,210316,1312091,1,0,"N","ROCK OF AGES LIGHT",47.87,-89.31,4752200,8918600
202601,210316,1312093,1,0,"N","STANNARD ROCK LIGHT",47.18,-87.23,4710800,8713800
202601,210316,1312099,1,11.76,"N","MARQUETTE",46.72,-87.41,4643200,8724600
202601,210316,1312101,1,0,"N","COPPER HARBOR",47.47,-87.9,4728200,8754000
202601,210316,1312103,1,3.17,"WSW","SHOT POINT",46.49,-87.23,4629400,8713800
202601,210316,1314131,1,0,"N","PASSAGE ISLAND LIGHT",48.22,-88.37,4813200,8822200
202601,210318,1312200,1,1.38,"WSW","EAST PENSACOLA HGTS",30.42,-87.19,3025200,8711400
202601,210318,1312558,1,.91,"NW","VALPARAISO",30.49,-86.51,3029400,8630600
202601,210324,1312106,1,6.39,"SSW","POINT PENINSULA LIGHT",45.58,-87,4534800,8700
202601,210368,1312382,1,.69,"N","PERRYSBURG",42.46,-79,4227600,7900
202601,210368,1312383,1,1.47,"NNE","WESLEY",42.39,-78.94,4223400,7856400
202601,210368,1312384,1,.86,"NW","OTTO",42.36,-78.83,4221600,7849800
202601,210368,1312385,1,0,"N","CATTARAUGUS",42.33,-78.87,4219800,7852200
202601,210368,1312386,1,2.07,"NE","QUAKER BRIDGE",42.09,-78.85,425400,7851000
202601,210368,1312387,1,0,"N","YORK",42.87,-77.88,4252200,7752800
202601,210368,1312388,1,1.67,"WNW","CALEDONIA",42.98,-77.86,4258800,7751600
202601,210368,1312389,1,0,"N","LEICESTER",42.77,-77.9,4246200,7754000
202601,210368,1312390,1,.69,"N","RUSHFORD",42.39,-78.25,4223400,7815000
202601,210368,1312391,1,.51,"E","FILLMORE",42.47,-78.11,4228200,786600
202601,210368,1312392,1,.69,"N","BELFAST",42.34,-78.12,4220400,787200
202601,210368,1312393,1,.69,"S","CANASERAGA",42.46,-77.78,4227600,7746800
202601,210368,1312394,1,.51,"W","VICTOR",42.98,-77.41,4258800,7724600
202601,210368,1312395,1,1.43,"WNW","MACEDON LAKESTONE AR",43.041,-77.3241,432460,7719446
202601,210368,1312396,1,1.39,"S","NORTH FARMINGTON",43.0101,-77.3336,43606,7720016
202601,210368,1312397,1,1.46,"E","NORTH FARMINGTON",43.03,-77.3011,431800,7718066
202601,210368,1312398,1,.69,"S","CLYDE AERO PARK ARPT",43.09,-76.87,435400,7652200
202601,210489,1313589,1,2.32,"NW","WIGGINS PASS",26.3,-81.85,2618000,8151000
202601,210489,1313590,1,24.38,"S","WIGGINS PASS",25.93,-81.77,2555800,8146200
202601,210533,1314071,1,1.64,"WNW","CLAYTON",34.886,-83.428,3453160,8325680
202601,210533,1314071,2,1.5,"WNW","TIGER",34.857,-83.455,3451420,8327300
202601,210533,1314071,3,.57,"SW","LAKEMONT",34.774,-83.427,3446440,8325620
202601,210533,1314071,4,.85,"E","LAKEMONT",34.779,-83.405,3446740,8324300
202601,210533,1314071,5,1.52,"ESE","BLALOCK",34.872,-83.355,3452320,8321300
202601,210551,1314405,1,.81,"WSW","JENSON",36.7762,-83.6338,3646572,8338028
202601,210551,1314405,2,.5,"WSW","JENSON",36.777,-83.6282,3646620,8337692
202601,210551,1314405,3,.51,"WSW","JENSON",36.7762,-83.6279,3646572,8337674
202601,210551,1314405,4,.81,"WSW","JENSON",36.7756,-83.6336,3646536,8338016
202601,210632,1315037,1,2.77,"SE","DEATH VLY",36.4222,-116.814,3625332,11648840
202601,210632,1315037,2,3.23,"SE","DEATH VLY",36.4218,-116.8038,3625308,11648228
202601,210632,1315037,3,3.43,"SE","DEATH VLY",36.418,-116.8027,3625080,11648162
202601,210632,1315037,4,2.97,"SE","DEATH VLY",36.4197,-116.8122,3625182,11648732
202601,210632,1315040,1,8.92,"WNW","HARRISBURG",36.4209,-117.2674,3625254,11716044
202601,210632,1315040,2,5.8,"SW","STOVEPIPE WELLS",36.5331,-117.2331,3631986,11713986
202601,210632,1315040,3,4.81,"SSW","STOVEPIPE WELLS",36.534,-117.1974,3632040,11711844
202601,210632,1315040,4,7.96,"NW","HARRISBURG",36.4378,-117.2357,3626268,11714142
202601,210657,1315367,1,.72,"SSE","HP BALDWIN BP",20.9099,-156.3971,2054594,15623826
202601,210657,1315367,2,.73,"SW","LOWER PAIA",20.9132,-156.3887,2054792,15623322
202601,210657,1315367,3,.88,"SW","LOWER PAIA",20.9102,-156.3886,2054612,15623316
202601,210657,1315367,4,.88,"SSE","HP BALDWIN BP",20.9077,-156.3961,2054462,15623766
202601,210665,1315400,1,3.96,"WNW","SAN CARLOS BAY",26.44,-81.94,2626400,8156400
202601,210665,1315401,1,.62,"E","BOCA GRANDE",26.75,-82.26,2645000,8215600
202601,210665,1315402,1,7.15,"NNW","GASPARILLA PASS",26.9,-82.31,2654000,8218600
202601,210665,1315403,1,9.96,"NNW","GASPARILLA PASS",26.93,-82.35,2655800,8221000
202601,210665,1315404,1,1.41,"WSW","LAUREL",27.12,-82.47,277200,8228200
202601,210665,1315406,1,1.97,"WNW","SARASOTA BEACH",27.34,-82.56,2720400,8233600
202601,210665,1315407,1,1.38,"S","LONGBOAT KEY",27.4,-82.57,2724000,8234200
202601,210665,1315408,1,0,"N","CLEARWATER BEACH",27.98,-82.83,2758800,8249800
202601,210665,1315409,1,8.31,"S","ST PETERSBURG BEACH",27.61,-82.76,2736600,8245600
202601,210665,1315410,1,1.38,"S","LOWER TAMPA BAY",27.6,-82.65,2736000,8239000
202601,210665,1315411,1,2.41,"SSE","CLEARWATER BEACH",27.95,-82.81,2757000,8248600
202601,210666,1315412,1,.92,"NE","BRANDON",27.94,-82.28,2756400,8216800
202601,210666,1315413,1,2.44,"E","HOPEWELL",27.93,-82.08,2755800,824800
202601,210833,1316524,1,1.84,"WSW","KEY WEST",24.551,-81.8076,2433060,8148456
202601,210833,1316525,1,0,"N","CARYSFORT REEF LIGHT",25.22,-80.21,2513200,8012600
202601,210833,1316526,1,2.13,"WSW","SUMMERLAND KEY",24.6478,-81.4812,2438868,8128872
202601,210835,1316581,1,.86,"WNW","PETROLIA",40.3267,-124.2938,4019602,12417628
202601,210835,1316581,2,.88,"WNW","PETROLIA",40.3257,-124.295,4019542,12417700
202601,210835,1316581,3,.63,"WNW","PETROLIA",40.3243,-124.2906,4019458,12417436
202601,210835,1316581,4,.65,"WNW","PETROLIA",40.3249,-124.2905,4019494,12417430
202601,210835,1316583,1,.69,"E","MYERS FLAT",40.27,-123.8668,4016200,12352008
202601,210835,1316585,1,.76,"NE","GARBERVILLE ARPT",40.0881,-123.8103,405286,12348618
202601,210835,1316588,1,.21,"WNW","SHELTER COVE",40.0314,-124.0535,401884,1243210
202601,210835,1316589,1,.51,"NNW","(O87)SHELTER COVE AR",40.0367,-124.0739,402202,1244434
202601,210835,1316590,1,1.26,"NNE","SHELTER COVE",40.0462,-124.0391,402772,1242346
202601,210835,1316591,1,.68,"NE","SHELTER COVE",40.0379,-124.0424,402274,1242544
202601,210835,1316591,2,3.54,"ENE","SHELTER COVE",40.0549,-123.9915,403294,12359490
202601,210835,1316594,1,1.92,"N","WESTPORT",39.6576,-123.7843,3939456,12347058
202601,210835,1316678,1,.27,"W","BEATRICE",40.6701,-124.2052,4040206,12412312
202601,210835,1316678,2,.25,"WSW","BEATRICE",40.6687,-124.2045,4040122,12412270
202601,210835,1316678,3,.15,"WSW","BEATRICE",40.6691,-124.2025,4040146,12412150
202601,210835,1316678,4,.14,"NW","BEATRICE",40.6712,-124.2021,4040272,12412126
202601,210865,1316959,1,2.11,"SE","ALBION",39.1972,-123.7438,3911832,12344628
202601,210865,1316959,2,2.14,"SE","ALBION",39.196,-123.7449,3911760,12344694
202601,210865,1316959,3,2.48,"SE","ALBION",39.1936,-123.7387,3911616,12344322
202601,210865,1316959,4,2.47,"SE","ALBION",39.1942,-123.7381,3911652,12344286
202601,210865,1316960,1,.72,"SE","NICE",39.1124,-122.8207,396744,12249242
202601,210865,1316960,2,.8,"SE","NICE",39.1116,-122.8198,396696,12249188
202601,210865,1316960,3,.8,"SE","NICE",39.1118,-122.8194,396708,12249164
202601,210865,1316960,4,.73,"SE","NICE",39.1127,-122.8202,396762,12249212
202601,210865,1316961,1,1.75,"S","OLD HOPLAND",38.9547,-123.1008,3857282,1236048
202601,210865,1316961,2,1.85,"S","OLD HOPLAND",38.9532,-123.099,3857192,1235940
202601,210865,1316961,3,1.88,"S","OLD HOPLAND",38.9529,-123.0972,3857174,1235832
202601,210865,1316961,4,1.69,"S","OLD HOPLAND",38.9555,-123.1,3857330,1236000
202601,210865,1316962,1,.73,"NE","(UKI)UKIAH ARPT",39.1381,-123.1912,398286,12311472
202601,210865,1316962,2,.62,"NE","(UKI)UKIAH ARPT",39.1365,-123.192,398190,12311520
202601,210865,1316962,3,.67,"NE","(UKI)UKIAH ARPT",39.1361,-123.1903,398166,12311418
202601,210865,1316962,4,.79,"NE","(UKI)UKIAH ARPT",39.1378,-123.1893,398268,12311358
202601,210865,1316964,1,1.84,"SE","FINLEY",38.9827,-122.844,3858962,12250640
202601,210865,1316964,2,1.88,"SE","FINLEY",38.9819,-122.8439,3858914,12250634
202601,210865,1316964,3,1.91,"SE","FINLEY",38.9819,-122.8431,3858914,12250586
202601,210865,1316964,4,1.88,"SE","FINLEY",38.983,-122.8427,3858980,12250562
202601,210865,1316965,1,.67,"SSE","HOPLAND",38.9717,-123.1134,3858302,1236804
202601,210865,1316965,2,.74,"SSE","HOPLAND",38.9707,-123.1132,3858242,1236792
202601,210865,1316965,3,.77,"SW","OLD HOPLAND",38.9709,-123.1082,3858254,1236492
202601,210865,1316965,4,.37,"NNW","OLD HOPLAND",38.9848,-123.103,3859088,1236180
202601,210865,1316965,5,1.25,"NNE","HOPLAND",38.9966,-123.1107,3859796,1236642
202601,210865,1316966,1,2.13,"SW","WITTER SPGS",39.1563,-122.9954,399378,12259724
202601,210865,1316966,2,2.17,"SW","WITTER SPGS",39.1555,-122.9953,399330,12259718
202601,210865,1316966,3,2.01,"SW","WITTER SPGS",39.1565,-122.9922,399390,12259532
202601,210865,1316966,4,1.99,"SW","WITTER SPGS",39.1571,-122.9924,399426,12259544
202601,210865,1316966,5,1.97,"SW","WITTER SPGS",39.1579,-122.9934,399474,12259604
202601,210865,1316968,1,1.81,"WNW","LAKEPORT",39.0633,-122.9491,393798,12256946
202601,210865,1316968,2,1.81,"WNW","LAKEPORT",39.0628,-122.9494,393768,12256964
202601,210865,1316968,3,1.72,"WNW","LAKEPORT",39.0622,-122.9479,393732,12256874
202601,210865,1316968,4,1.7,"WNW","LAKEPORT",39.0625,-122.9474,393750,12256844
202601,210865,1316970,1,4.32,"W","NAVARRO",39.1564,-123.6102,399384,12336612
202601,210865,1316970,2,3.13,"SE","ALBION",39.1928,-123.7232,3911568,12343392
202601,210865,1316970,3,3.19,"SE","ALBION",39.1857,-123.7301,3911142,12343806
202601,210865,1316970,4,4.56,"W","NAVARRO",39.1459,-123.6149,398754,12336894
202601,208571,1299367,1,.37,"WSW","VACATION BEACH",38.4777,-123.0263,3828662,1231578
202601,208571,1299367,2,.37,"SW","VACATION BEACH",38.4766,-123.0251,3828596,1231506
202601,208571,1299367,3,.25,"SSW","VACATION BEACH",38.4765,-123.021,3828590,1231260
202601,208571,1299367,4,.22,"SSW","VACATION BEACH",38.477,-123.0211,3828620,1231266
202601,208571,1299367,5,.27,"WSW","VACATION BEACH",38.4781,-123.0243,3828686,1231458
202601,208571,1299368,1,1.28,"W","BURLINGAME",37.581,-122.4034,3734860,12224204
202601,208571,1299368,2,1.3,"W","BURLINGAME",37.5809,-122.4037,3734854,12224222
202601,208571,1299368,3,1.18,"SSW","LOMITA PARK",37.5836,-122.4059,3735016,12224354
202601,208571,1299368,4,1.17,"SSW","LOMITA PARK",37.5836,-122.4055,3735016,12224330
202601,208571,1299369,1,1.36,"E","PALO ALTO",37.4504,-122.1252,3727024,1227512
202601,208571,1299369,2,1.37,"E","PALO ALTO",37.4504,-122.125,3727024,1227500
202601,208571,1299369,3,1.48,"E","PALO ALTO",37.4486,-122.1231,3726916,1227386
202601,208571,1299369,4,1.47,"E","PALO ALTO",37.4486,-122.1232,3726916,1227392
202601,208571,1299371,1,2.14,"NNW","ALAMEDA",37.8,-122.28,3748000,12216800
202601,208571,1299371,2,1.78,"N","ALAMEDA",37.7957,-122.2693,3747742,12216158
202601,208571,1299371,3,1.8,"N","ALAMEDA",37.796,-122.2692,3747760,12216152
202601,208571,1299371,4,2.14,"NNW","ALAMEDA",37.8001,-122.2793,3748006,12216758
202601,208571,1299372,1,.93,"SW","GREENBROOK",37.8112,-121.9929,3748672,12159574
202601,208571,1299372,2,.94,"SW","GREENBROOK",37.8113,-121.9932,3748678,12159592
202601,208571,1299372,3,1.09,"SW","GREENBROOK",37.8071,-121.9915,3748426,12159490
202601,208571,1299372,4,1.07,"SW","GREENBROOK",37.8073,-121.9911,3748438,12159466
202601,208571,1299373,1,1.3,"E","PIEDMONT",37.8206,-122.2062,3749236,12212372
202601,208571,1299373,2,1.33,"E","PIEDMONT",37.8208,-122.2057,3749248,12212342
202601,208571,1299373,3,1.32,"E","PIEDMONT",37.821,-122.2058,3749260,12212348
202601,208571,1299373,4,1.25,"E","PIEDMONT",37.8221,-122.2073,3749326,12212438
202601,208571,1299373,5,1.24,"E","PIEDMONT",37.8221,-122.2075,3749326,12212450
202601,208571,1299374,1,.93,"NW","MULFORD",37.7309,-122.1899,3743854,12211394
202601,208571,1299374,2,.93,"NW","MULFORD",37.731,-122.1899,3743860,12211394
202601,208571,1299374,3,.91,"NNW","MULFORD",37.7313,-122.1887,3743878,12211322
202601,208571,1299374,4,.8,"NNW","MULFORD",37.7301,-122.1874,3743806,12211244
202601,208571,1299374,5,.81,"NNW","MULFORD",37.73,-122.1875,3743800,12211250
202601,208571,1299375,1,1.67,"SW","PARADISE PARK",37.0046,-122.0734,37276,1224404
202601,208571,1299375,2,1.69,"SW","PARADISE PARK",37.0045,-122.0736,37270,1224416
202601,208571,1299375,3,1.66,"WSW","PARADISE PARK",37.0067,-122.075,37402,1224500
202601,208571,1299375,4,1.64,"SW","PARADISE PARK",37.0067,-122.0747,37402,1224482
202601,208571,1299375,5,1.63,"SW","PARADISE PARK",37.0059,-122.0738,37354,1224428
202601,208571,1299376,1,4.8,"S","SCHELLVILLE ARPT",38.1505,-122.4503,389030,12227018
202601,208571,1299376,2,4.75,"S","SCHELLVILLE ARPT",38.1513,-122.4484,389078,12226904
202601,208571,1299376,3,4.73,"S","SCHELLVILLE ARPT",38.1515,-122.4475,389090,12226850
202601,208571,1299376,4,4.74,"S","SCHELLVILLE ARPT",38.1515,-122.4474,389090,12226844
202601,208571,1299376,5,4.82,"S","SCHELLVILLE ARPT",38.1503,-122.4503,389018,12227018
202601,208571,1299377,1,2.16,"NW","LAKEVILLE",38.2253,-122.5733,3813518,12234398
202601,208571,1299377,2,2.15,"NW","LAKEVILLE",38.2251,-122.5735,3813506,12234410
202601,208571,1299377,3,2.24,"NW","LAKEVILLE",38.2259,-122.575,3813554,12234500
202601,208571,1299377,4,2.25,"NW","LAKEVILLE",38.2261,-122.5748,3813566,12234488
202601,208571,1299379,1,1.29,"WSW","SCHELLVILLE",38.24,-122.45,3814400,12227000
202601,208571,1299379,2,1.25,"NNW","SCHELLVILLE ARPT",38.236,-122.4608,3814160,12227648
202601,208571,1299379,3,1.31,"NNW","SCHELLVILLE ARPT",38.2368,-122.4611,3814208,12227666
202601,208571,1299379,4,1.34,"N","SCHELLVILLE ARPT",38.2391,-122.4539,3814346,12227234
202601,208571,1299379,5,1.12,"WSW","SCHELLVILLE",38.2431,-122.4486,3814586,12226916
202601,208571,1299379,6,1.1,"WSW","SCHELLVILLE",38.2429,-122.4482,3814574,12226892
202601,208571,1299380,1,.22,"ENE","SONOMA COUNTY ARPT",38.5215,-122.8165,3831290,12248990
202601,208571,1299380,2,.5,"NNE","SONOMA COUNTY ARPT",38.5268,-122.8166,3831608,12248996
202601,208571,1299380,3,.5,"NNE","SONOMA COUNTY ARPT",38.5268,-122.817,3831608,12249020
202601,208571,1299380,4,.18,"NE","SONOMA COUNTY ARPT",38.5216,-122.8174,3831296,12249044
202601,208571,1299381,1,1.58,"E","HESSEL",38.3539,-122.7412,3821234,12244472
202601,208571,1299381,2,1.46,"SSW","WILFRED",38.3523,-122.7349,3821138,12244094
202601,208571,1299381,3,1.58,"SW","WILFRED",38.3512,-122.7365,3821072,12244190
202601,208571,1299381,4,1.55,"E","HESSEL",38.3516,-122.7415,3821096,12244490
202601,208571,1299383,1,2.04,"ESE","TRENTON",38.4673,-122.8161,3828038,12248966
202601,208571,1299383,2,2.06,"ESE","TRENTON",38.4667,-122.8159,3828002,12248954
202601,208571,1299383,3,2.28,"S","FULTON",38.467,-122.7699,3828020,12246194
202601,208571,1299383,4,2.27,"S","FULTON",38.4672,-122.7699,3828032,12246194
202601,208571,1299384,1,.52,"SW","SCHELLVILLE",38.2455,-122.4378,3814730,12226268
202601,208571,1299384,2,.94,"WSW","SCHELLVILLE",38.2442,-122.4456,3814652,12226736
202601,208571,1299384,3,.91,"WSW","SCHELLVILLE",38.2453,-122.4457,3814718,12226742
202601,208571,1299384,4,.49,"WSW","SCHELLVILLE",38.2467,-122.4381,3814802,12226286
202601,208571,1299459,1,5.76,"SW","LUCIA",36.1203,-121.6329,367218,12137974
202601,208571,1299459,2,11.44,"S","LUCIA",36.0071,-121.587,36426,12135220
202601,208571,1299459,3,9.49,"NNW","GORDA",36.0013,-121.5,3678,12130000
202601,208571,1299459,4,5.54,"SW","LUCIA",36.1211,-121.6286,367266,12137716
202601,208571,1299850,1,1.17,"W","(SQL)SAN CARLOS ARPT",37.5176,-122.2712,3731056,12216272
202601,208571,1299850,2,1.13,"WSW","(SQL)SAN CARLOS ARPT",37.5167,-122.2702,3731002,12216212
202601,208571,1299850,3,1.12,"WSW","(SQL)SAN CARLOS ARPT",37.5168,-122.27,3731008,12216200
202601,208571,1299850,4,1.16,"W","(SQL)SAN CARLOS ARPT",37.5177,-122.271,3731062,12216260
202601,208571,1300921,1,1.49,"SSE","CAMP MC CALLUM",36.63,-121.54,3637800,12132400
202601,208571,1300921,2,1.49,"SSE","CAMP MC CALLUM",36.6299,-121.5401,3637794,12132406
202601,208571,1300921,3,1.5,"SSE","CAMP MC CALLUM",36.6298,-121.5399,3637788,12132394
202601,208571,1300921,4,1.5,"SSE","CAMP MC CALLUM",36.63,-121.5398,3637800,12132388
202601,208571,1300922,1,1.32,"WSW","CAMP MC CALLUM",36.6418,-121.5715,3638508,12134290
202601,208571,1300922,2,1.32,"WSW","CAMP MC CALLUM",36.6416,-121.5713,3638496,12134278
202601,208571,1300922,3,1.33,"WSW","CAMP MC CALLUM",36.6415,-121.5715,3638490,12134290
202601,208571,1300922,4,1.34,"WSW","CAMP MC CALLUM",36.6416,-121.5718,3638496,12134308
202601,208571,1300923,1,4.18,"N","SOQUEL",37.0402,-121.9433,372412,12156598
202601,208571,1300923,2,4.46,"N","SOQUEL",37.0442,-121.9419,372652,12156514
202601,208571,1300923,3,4.43,"N","SOQUEL",37.0437,-121.941,372622,12156460
202601,208571,1300923,4,4.16,"N","SOQUEL",37.0399,-121.9421,372394,12156526
202601,208571,1300924,1,.69,"W","(MRY)MONTEREY ARPT",36.6007,-121.8925,3636042,12153550
202601,208571,1300924,2,.71,"W","(MRY)MONTEREY ARPT",36.5995,-121.8928,3635970,12153568
202601,208571,1300924,3,.56,"W","(MRY)MONTEREY ARPT",36.5991,-121.89,3635946,12153400
202601,208571,1300924,4,.55,"W","(MRY)MONTEREY ARPT",36.6005,-121.89,3636030,12153400
202601,208571,1300924,5,.69,"W","(MRY)MONTEREY ARPT",36.601,-121.8923,3636060,12153538
202601,208571,1300925,1,1.08,"WNW","SAN JUAN BAUTISTA",36.8572,-121.5473,3651432,12132838
202601,208571,1300925,2,1.04,"WNW","SAN JUAN BAUTISTA",36.8568,-121.5469,3651408,12132814
202601,208571,1300925,3,1.06,"WNW","SAN JUAN BAUTISTA",36.8566,-121.5474,3651396,12132844
202601,208571,1300925,4,1.1,"WNW","SAN JUAN BAUTISTA",36.857,-121.5478,3651420,12132868
202601,208571,1300926,1,.58,"NNW","SAN LEANDRO SOUTH",37.7081,-122.1226,3742486,1227356
202601,208571,1300926,2,.55,"NNW","SAN LEANDRO SOUTH",37.7077,-122.1226,3742462,1227356
202601,208571,1300926,3,.46,"N","SAN LEANDRO SOUTH",37.7066,-122.1204,3742396,1227224
202601,208571,1300926,4,.47,"N","SAN LEANDRO SOUTH",37.7068,-122.1205,3742408,1227230
202601,208571,1300927,1,7.59,"NE","SALVADOR",38.4111,-122.2035,3824666,12212210
202601,208571,1300927,2,7.22,"ENE","SALVADOR",38.4045,-122.2062,3824270,12212372
202601,208571,1300927,3,7.34,"ENE","SALVADOR",38.4045,-122.2037,3824270,12212222
202601,208571,1300927,4,7.63,"ENE","SALVADOR",38.411,-122.2025,3824660,12212150
202601,208571,1300928,1,9.29,"ENE","OAKVILLE",38.498,-122.2518,3829880,12215108
202601,208571,1300928,2,9.48,"NE","YOUNTVILLE",38.4963,-122.2452,3829778,12214712
202601,208571,1300928,3,9.26,"NE","YOUNTVILLE",38.4938,-122.2477,3829628,12214862
202601,208571,1300928,4,9.15,"NE","YOUNTVILLE",38.4956,-122.2529,3829736,12215174
202601,208571,1300929,1,1.02,"N","TRENTON",38.4945,-122.8534,3829670,12251204
202601,208571,1300929,2,.95,"N","TRENTON",38.4935,-122.8531,3829610,12251186
202601,208571,1300929,3,.97,"N","TRENTON",38.4939,-122.8525,3829634,12251150
202601,208571,1300929,4,1.02,"N","TRENTON",38.4946,-122.8529,3829676,12251174
202601,208571,1300930,1,.66,"ENE","CUNNINGHAM",38.3741,-122.769,3822446,12246140
202601,208571,1300930,2,.63,"ENE","CUNNINGHAM",38.3731,-122.769,3822386,12246140
202601,208571,1300930,3,.67,"ENE","CUNNINGHAM",38.3731,-122.7683,3822386,12246098
202601,208571,1300930,4,.69,"ENE","CUNNINGHAM",38.3741,-122.7683,3822446,12246098
202601,208571,1300931,1,.66,"ENE","CUNNINGHAM",38.3741,-122.769,3822446,12246140
202601,208571,1300931,2,.63,"ENE","CUNNINGHAM",38.3731,-122.769,3822386,12246140
202601,208571,1300931,3,.67,"ENE","CUNNINGHAM",38.3731,-122.7683,3822386,12246098
202601,208571,1300931,4,.69,"ENE","CUNNINGHAM",38.3741,-122.7683,3822446,12246098
202601,208571,1300932,1,.97,"NNE","GEYSERVILLE",38.7136,-122.8953,3842816,12253718
202601,208571,1300932,2,.84,"N","GEYSERVILLE",38.7119,-122.8971,3842714,12253826
202601,208571,1300932,3,.82,"NNE","GEYSERVILLE",38.7115,-122.8965,3842690,12253790
202601,208571,1300932,4,.96,"NNE","GEYSERVILLE",38.7131,-122.8942,3842786,12253652
202601,208638,1299777,1,0,"N","(ABQ)ALBUQUERQUE INTL AIRPORT",35.04,-106.62,352400,10637200
202601,208638,1299778,1,11.39,"SW","(AEG)DOUBLE EAGLE II AIRPORT",35.03,-106.95,351800,10657000
202601,208639,1299990,1,.85,"SSE","WYNONA",36.538,-96.327,3632280,9619620
202601,208639,1299990,2,.7,"ESE","WYNONA",36.547,-96.318,3632820,9619080
202601,208639,1303282,1,2.31,"SSW","WYNONA",36.5181,-96.3422,3631086,9620532
202601,208639,1303283,1,2.31,"SSW","WYNONA",36.5181,-96.3422,3631086,9620532
202601,208752,1300187,1,2.76,"WNW","COLD WATER",33.7984,-85.4927,3347904,8529562
202601,208752,1300187,2,5.48,"E","OAK LEVEL",33.8563,-85.3848,3351378,8523088
202601,208752,1300211,1,3.06,"SE","MC CALLA",33.3048,-86.9765,3318288,8658590
202601,208752,1300211,2,1.13,"SSW","ADGER",33.354,-87.1039,3321240,876234
202601,208752,1300211,3,1.73,"SE","FULTONDALE",33.6027,-86.7784,3336162,8646704
202601,208752,1300211,4,1.36,"S","RUFFNER NUMBER TWO",33.5503,-86.6809,3333018,8640854
202601,208752,1300215,1,2.73,"ESE","NEW HOPE",33.3605,-86.7041,3321630,8642246
202601,208752,1300215,2,1.79,"E","QUITO",33.3848,-86.7195,3323088,8643170
202601,208752,1300215,3,1.06,"S","ACTON",33.3348,-86.8224,3320088,8649344
202601,208752,1300215,4,2.51,"E","PARAMOUNT",33.3157,-86.7869,3318942,8647214
202601,208752,1300216,1,1.56,"SW","GREENWOOD",33.314,-86.949,3318840,8656940
202601,208752,1300216,2,1.12,"SSE","BLUFF PARK",33.3856,-86.8612,3323136,8651672
202601,208752,1300216,3,.45,"SW","WENONAH",33.4254,-86.9056,3325524,8654336
202601,208752,1300216,4,2.23,"ESE","MC CALLA",33.3184,-86.9839,3319104,8659034
202601,208752,1300218,1,1.61,"WNW","EASONVILLE",33.5267,-86.3269,3331602,8619614
202601,208752,1300218,2,.73,"NW","RIVERSIDE",33.6085,-86.2075,3336510,8612450
202601,208752,1300218,3,1.53,"NNW","OAK RIDGE",33.6208,-86.2895,3337248,8617370
202601,208752,1300218,4,2.8,"SSE","COOKS SPGS",33.5433,-86.3794,3332598,8622764
202601,208752,1300219,1,2.72,"WNW","OCTAGON",32.22,-87.79,3213200,8747400
202601,208752,1300220,1,.58,"W","THOMASTON",32.27,-87.63,3216200,8737800
202601,208752,1300222,1,.9,"SW","EDEN",33.57,-86.33,3334200,8619800
202601,208752,1300223,1,0,"N","SYLACAUGA",33.17,-86.25,3310200,8615000
202601,208752,1300224,1,0,"N","TALLADEGA",33.43,-86.1,3325800,866000
202601,208752,1300226,1,1.82,"NNW","SELMA SKYHARBOR ARPT",32.3954,-87.1083,3223724,876498
202601,208752,1300227,1,.69,"N","SELMA",32.41,-87.02,3224600,871200
202601,208752,1300229,1,.38,"SSE","PINE LEVEL",32.5749,-86.4679,3234494,8628074
202601,208752,1300230,1,1.17,"SE","DEATSVILLE",32.607,-86.3871,3236420,8623226
202601,208752,1300233,1,0,"N","COOSADA",32.5,-86.33,3230000,8619800
202601,208752,1300234,1,.9,"SE","WETUMPKA",32.54,-86.21,3232400,8612600
202601,208752,1300246,1,.69,"N","ECLECTIC",32.64,-86.03,3238400,861800
202601,208752,1300247,1,1.81,"SE","MONTGOMERY",32.36,-86.28,3221600,8616800
202601,208752,1300249,1,2.58,"SSW","JACKSONS GAP",32.8471,-85.8208,3250826,8549248
202601,208752,1300250,1,.51,"WSW","SALEM",32.5975,-85.2383,3235850,8514298
202601,208754,1300196,1,.55,"E","INDEPENDENCE",37.23,-95.71,3713800,9542600
202601,208754,1300197,1,4.3,"NE","NEODESHA",37.47,-95.62,3728200,9537200
202601,208754,1300198,1,.69,"N","INDEPDENCE ARPT",37.16,-95.78,379600,9546800
202601,208763,1310754,1,1.87,"SSW","OLNEY",33.3453,-98.7834,3320718,9847004
202601,208763,1310754,2,.98,"E","OLNEY",33.3714,-98.753,3322284,9845180
202601,208835,1300743,1,8.69,"N","PUNTA ARENAS BEACH",18.235,-65.5855,1814100,6535130
202601,209071,1304055,1,2.91,"N","TYSON",32.2218,-86.4555,3213308,8627330
202601,209071,1304055,2,3.75,"NE","TYSON",32.2215,-86.4086,3213290,8624516
202601,209071,1304056,1,2.58,"SW","MC GEHEES",32.2215,-86.4086,3213290,8624516
202601,209071,1304056,2,2.42,"SSW","MC GEHEES",32.2191,-86.3995,3213146,8623970
202601,209071,1305044,1,2.25,"SSW","MONTGOMERY",32.3516,-86.3188,3221096,8619128
202601,209071,1305044,2,1.65,"SSE","MITYLENE",32.3574,-86.1712,3221444,8610272
202601,209071,1305058,1,3.29,"S","CHISHOLM",32.3524,-86.2513,3221144,8615078
202601,209071,1305062,1,.58,"SSW","CHISHOLM",32.3921,-86.2532,3223526,8615192
202601,209071,1305063,1,3.82,"SSW","CLAUD",32.5287,-86.1044,3231722,866264
202601,209081,1302401,1,1.89,"ESE","HEIDELBERG",31.8682,-88.971,3152092,8858260
202601,209081,1302401,2,2.33,"E","STAFFORD SPGS",31.894,-88.911,3153640,8854660
202601,209081,1302402,1,3,"SW","GOODWATER",31.894,-88.911,3153640,8854660
202601,209081,1302402,2,2.09,"N","NANCY",31.9597,-88.8365,3157582,8850190
202601,209081,1302403,1,.91,"S","HOY",31.7369,-89.1478,3144214,898868
202601,209081,1302403,2,.74,"SSE","HOY",31.7404,-89.1443,3144424,898658
202601,209081,1302404,1,3.34,"SW","STRINGER",31.8392,-89.3138,3150352,8918828
202601,209081,1302404,2,2.83,"SW","STRINGER",31.8408,-89.3037,3150448,8918222
202601,209081,1302405,1,.24,"ENE","CARSON",31.5307,-89.796,3131842,8947760
202601,209081,1302405,2,1,"SE","TERRELL",31.5689,-89.7192,3134134,8943152
202601,209081,1302408,1,.92,"N","WANILLA",31.6431,-90.1325,3138586,907950
202601,209081,1302408,2,1.41,"NNE","WANILLA",31.6494,-90.1228,3138964,907368
202601,209081,1305947,1,1.24,"ENE","REVIVE",32.7595,-89.7519,3245570,8945114
202601,209081,1305947,2,2.72,"ENE","REVIVE",32.771,-89.7305,3246260,8943830
202601,209081,1305948,1,4.72,"W","ST ANN",32.771,-89.7305,3246260,8943830
202601,209081,1305948,2,1.59,"W","ST ANN",32.778,-89.6773,3246680,8940638
202601,209081,1306671,1,2.38,"SSW","HEIDELBERG",31.85,-89.02,3151000,891200
202601,209081,1306676,1,2.45,"ESE","STRINGER",31.86,-89.23,3151600,8913800
202601,209081,1306677,1,.91,"SE","STRINGER",31.86,-89.26,3151600,8915600
202601,209081,1306685,1,1.36,"ENE","MT OLIVE",31.76,-89.65,3145600,8939000
202601,209081,1306692,1,.48,"NE","RUTH",31.3845,-90.3237,3123070,9019422
202601,209081,1306692,2,1.16,"ENE","RUTH",31.3864,-90.3118,3123184,9018708
202601,209081,1306692,3,1.32,"E","RUTH",31.3783,-90.3077,3122698,9018462
202601,209081,1306692,4,.44,"SE","RUTH",31.3765,-90.3239,3122590,9019434
202601,209081,1306697,1,1.39,"NNE","CARSON",31.5477,-89.7889,3132862,8947334
202601,209081,1306697,2,1.04,"ESE","CARSON",31.5243,-89.7837,3131458,8947022
202601,209081,1306697,3,.51,"WSW","CARSON",31.5271,-89.808,3131626,8948480
202601,209081,1306697,4,1.5,"NNW","CARSON",31.5493,-89.8117,3132958,8948702
202601,209081,1306700,1,8.81,"NE","GOSS",31.4253,-89.7795,3125518,8946770
202601,209081,1306700,2,9.02,"NNE","COLUMBIA MARION ARPT",31.4243,-89.7732,3125458,8946392
202601,209081,1306700,3,8.09,"NNE","COLUMBIA MARION ARPT",31.4117,-89.7786,3124702,8946716
202601,209081,1306700,4,8.17,"NE","GOSS",31.4159,-89.785,3124954,8947100
202601,209081,1306701,1,1.91,"SW","COLLINS",31.612,-89.5748,3136720,8934488
202601,209081,1306701,2,1.58,"SW","COLLINS",31.6123,-89.567,3136738,8934020
202601,209081,1306701,3,1.87,"SSW","COLLINS",31.6075,-89.5676,3136450,8934056
202601,209081,1306701,4,2.15,"SW","COLLINS",31.6079,-89.5757,3136474,8934542
202601,209081,1306711,1,6.02,"N","COLUMBIA MARION ARPT",31.3863,-89.8061,3123178,8948366
202601,209081,1306711,2,6.51,"NNE","COLUMBIA MARION ARPT",31.391,-89.7915,3123460,8947490
202601,209081,1306711,3,5.74,"NNE","COLUMBIA MARION ARPT",31.3793,-89.791,3122758,8947460
202601,209081,1306711,4,5.35,"N","COLUMBIA MARION ARPT",31.3761,-89.8035,3122566,8948210
202601,209081,1306712,1,1.64,"SW","MOSELLE",31.4826,-89.299,3128956,8917940
202601,209081,1306712,2,.97,"SSE","MOSELLE",31.4876,-89.2723,3129256,8916338
202601,209081,1306712,3,.27,"ESE","MOSELLE",31.4992,-89.2756,3129952,8916536
202601,209081,1306712,4,1.1,"WSW","MOSELLE",31.4951,-89.2977,3129706,8917862
202601,209081,1306713,1,1.36,"WSW","QUITMAN",32.04,-88.75,322400,8845000
202601,209081,1306714,1,1.17,"E","ARCHUSA SPGS",32.03,-88.7,321800,8842000
202601,209081,1306715,1,.59,"E","QUITMAN",32.05,-88.72,323000,8843200
202601,209081,1306716,1,1.1,"NNW","COLUMBIA",31.2638,-89.8391,3115828,8950346
202601,209081,1306716,2,1.36,"NNE","COLUMBIA",31.2687,-89.823,3116122,8949380
202601,209081,1306716,3,.66,"ENE","COLUMBIA",31.2524,-89.8193,3115144,8949158
202601,209081,1306716,4,.53,"W","COLUMBIA",31.2489,-89.839,3114934,8950340
202601,209081,1306717,1,4.42,"NNW","KOKOMO",31.2623,-90.0169,3115738,901014
202601,209081,1306717,2,4.17,"N","KOKOMO",31.2598,-90.0094,3115588,90564
202601,209081,1306717,3,3.72,"NNW","KOKOMO",31.2528,-90.0126,3115168,90756
202601,209081,1306717,4,3.98,"NNW","KOKOMO",31.2554,-90.0187,3115324,901122
202601,209081,1306718,1,.81,"E","MOSELLE",31.4985,-89.2663,3129910,8915978
202601,209081,1306718,2,1.18,"E","MOSELLE",31.4976,-89.2601,3129856,8915606
202601,209081,1306718,3,1.25,"ESE","MOSELLE",31.4923,-89.2608,3129538,8915648
202601,209081,1306718,4,.91,"ESE","MOSELLE",31.4936,-89.2665,3129616,8915990
202601,209081,1306719,1,.57,"NNW","EASTABUCHIE",31.438,-89.2823,3126280,8916938
202601,209081,1306719,2,.42,"N","EASTABUCHIE",31.4361,-89.2809,3126166,8916854
202601,209081,1306719,3,.43,"NW","EASTABUCHIE",31.4352,-89.2841,3126112,8917046
202601,209081,1306719,4,.61,"NNW","EASTABUCHIE",31.4378,-89.2848,3126268,8917088
202601,209081,1306720,1,.7,"NNW","SEMINARY",31.5588,-89.5059,3133528,8930354
202601,209081,1306720,2,.71,"SSE","GANDSI",31.5601,-89.4967,3133606,8929802
202601,209081,1306720,3,.15,"ESE","GANDSI",31.5692,-89.4976,3134152,8929856
202601,209081,1306720,4,.6,"W","GANDSI",31.5688,-89.51,3134128,8930600
202601,209081,1306721,1,2.99,"S","KOKOMO",31.157,-90.006,319420,90360
202601,209081,1306721,2,.99,"ESE","KOKOMO",31.1959,-89.984,3111754,8959040
202601,209155,1303143,1,2.31,"SW","(TIK)TINKER AFB",35.3909,-97.4237,3523454,9725422
202601,209155,1303145,1,3.97,"WNW","MOORE",35.37,-97.55,3522200,9733000
202601,209155,1303148,1,.15,"SSW","LUTHER",35.6581,-97.1912,3539486,9711472
202601,209155,1303153,1,4.67,"N","VERDEN",35.1468,-98.078,358808,984680
202601,209155,1303177,1,2.98,"ESE","RICHLAND",35.5567,-97.7553,3533402,9745318
202601,209155,1303179,1,2.05,"NW","DEL CITY",35.4722,-97.4641,3528332,9727846
202601,209155,1303181,1,2.89,"NNW","SHAWNEE",35.3649,-96.9482,3521894,9656892
202601,209155,1303186,1,0,"N","CROMWELL",35.34,-96.45,3520400,9627000
202601,209155,1303192,1,3.91,"NW","TECUMSEH",35.3042,-96.9832,3518252,9658992
202601,209155,1303205,1,1.48,"N","STILLWATER",36.1414,-97.0605,368484,973630
202601,209155,1303206,1,1.44,"WNW","SHAWNEE",35.3381,-96.9435,3520286,9656610
202601,209155,1303208,1,2.55,"N","EDMOND",35.6867,-97.4759,3541202,9728554
202601,209155,1303209,1,3,"E","LAWTON",34.6096,-98.3372,3436576,9820232
202601,209155,1303210,1,.73,"WNW","STILLWATER",36.1246,-97.0718,367476,974308
202601,209155,1303212,1,4.38,"NW","GUTHRIE",35.9269,-97.4726,3555614,9728356
202601,209155,1304669,1,.97,"E","UNION CITY",35.3917,-97.9229,3523502,9755374
202601,209155,1304669,2,5.57,"ENE","UNION CITY",35.4207,-97.8485,3525242,9750910
202601,209155,1311609,1,5.09,"SW","PURCELL",34.967,-97.443,3458020,9726580
202601,209155,1311609,2,1.38,"NE","PURCELL",35.025,-97.354,351500,9721240
202601,209155,1311610,1,1.3,"NW","LEXINGTON",35.025,-97.354,351500,9721240
202601,209155,1311610,2,3.04,"NNE","LEXINGTON",35.047,-97.311,352820,9718660
202601,209155,1311611,1,1.54,"NNW","LAKE THUNDERBIRD DAM",35.241,-97.229,3514460,9713740
202601,209155,1311611,2,3.01,"N","LAKE THUNDERBIRD DAM",35.263,-97.211,3515780,9712660
202601,209155,1311612,1,3.67,"E","STELLA",35.319,-97.145,3519140,978700
202601,209155,1311612,2,3.83,"E","STELLA",35.321,-97.142,3519260,978520
202601,209155,1311613,1,4.39,"NNW","PINK",35.321,-97.142,3519260,978520
202601,209155,1311613,2,3.48,"SW","DALE",35.349,-97.086,3520940,975160
202601,209155,1311614,1,2.92,"NNW","SHAWNEE",35.369,-96.94,3522140,9656400
202601,209155,1311614,2,2.91,"S","AYDELOTTE",35.398,-96.913,3523880,9654780
202601,209185,1303341,1,0,"N","SENECA CREEK",39.3,-76.36,3918000,7621600
202601,209185,1303342,1,0,"N","GROVE POINT (GVP)",39.4,-76.04,3924000,762400
202601,209185,1303343,1,0,"N","BALTIMORE KEY BRIDGE (FSKM2)",39.22,-76.53,3913200,7631800
202601,209185,1303344,1,1.09,"SSE","BALTIMORE KEY BRIDGE (FSKM2)",39.205,-76.524,3912300,7631440
202601,209185,1303345,1,0,"N","HART MILLER ISLAND (HRT)",39.25,-76.37,3915000,7622200
202601,209185,1303346,1,0,"N","TOLCHESTER MD (TCBM2)",39.21,-76.24,3912600,7614400
202601,209185,1303347,1,.23,"NNE","BALTIMORE KEY BRIDGE (FSKM2)",39.223,-76.528,3913380,7631680
202601,209185,1303348,1,0,"N","(DCA)REAGAN NATIONAL AIRPORT",38.86,-77.03,3851600,771800
202601,209185,1303349,1,0,"N","ANNAPOLIS (KNAK)",38.98,-76.48,3858800,7628800
202601,209185,1303350,1,0,"N","ANNAPOLIS MD (APAM2)",38.98,-76.48,3858800,7628800
202601,209185,1303351,1,0,"N","TOLLY POINT (TOL)",38.94,-76.44,3856400,7626400
202601,209185,1303352,1,0,"N","SAUNDERS POINT LIGHT",38.88,-76.48,3852800,7628800
202601,209185,1303353,1,0,"N","OCCOQUAN RIVER (OCC)",38.64,-77.22,3838400,7713200
202601,209185,1303354,1,0,"N","HERRING BAY (HRB)",38.73,-76.54,3843800,7632400
202601,209185,1303355,1,0,"N","QUANTICO (KNYG)",38.51,-77.3,3830600,7718000
202601,209185,1303356,1,2.8,"NNW","CHOPTANK RIVER (CHOP)",38.679,-76.174,3840740,7610440
202601,209185,1303357,1,4.54,"S","MID BAY BUOY",38.4044,-76.3855,3824264,7623130
202601,209185,1303358,1,0,"N","COBB POINT (COB)",38.24,-76.83,3814400,7649800
202601,209185,1303359,1,0,"N","PATUXENT RIVER ASOS (KNHK)",38.29,-76.41,3817400,7624600
202601,209185,1303360,1,0,"N","LOWER HOOPER ISLAND (HPR)",38.26,-76.18,3815600,7610800
202601,209185,1303361,1,0,"N","PINEY POINT (PPTM2)",38.13,-76.53,387800,7631800
202601,209185,1303362,1,0,"N","POTOMAC POINT LOOKOUT BUOY (44042)",38.03,-76.34,381800,7620400
202601,209289,1304382,1,0,"N","PANAMA CITY BEACH",30.21,-85.88,3012600,8552800
202601,209289,1304387,1,0,"N","ST ANDREWS BAY WEATHERFLOW",30.13,-85.72,307800,8543200
202601,209289,1304388,1,3.29,"ENE","ST ANDREWS BAY WEATHERFLOW",30.15,-85.67,309000,8540200
202601,209289,1304391,1,0,"N","TYNDALL AFB",30.07,-85.57,304200,8534200
202601,209290,1304369,1,3.65,"NE","FSU PANAMA CITY",30.23,-85.68,3013800,8540800
202601,209351,1309108,1,.87,"WSW","GUYANDOTTE",38.4265,-82.3955,3825590,8223730
202601,209351,1309108,2,.57,"WSW","GUYANDOTTE",38.4269,-82.3898,3825614,8223388
202601,209351,1309108,3,.51,"W","GUYANDOTTE",38.4314,-82.3893,3825884,8223358
202601,209351,1309108,4,.59,"W","GUYANDOTTE",38.4316,-82.3907,3825896,8223442
202601,209351,1309108,5,.8,"W","GUYANDOTTE",38.4301,-82.3948,3825806,8223688
202601,209351,1309112,1,1.26,"NW","NEW HAMLIN",38.2917,-82.1378,3817502,828268
202601,209351,1309112,2,1.06,"SW","NEW HAMLIN",38.2686,-82.133,3816116,827980
202601,209351,1309112,3,.66,"ESE","HAMLIN ARPT",38.2654,-82.0693,3815924,824158
202601,209351,1309112,4,1.14,"NE","HAMLIN ARPT",38.2797,-82.0629,3816782,823774
202601,209351,1309112,5,1.38,"N","HAMLIN ARPT",38.2897,-82.0753,3817382,824518
202601,209351,1309113,1,.21,"NNW","YAWKEY",38.223,-81.9709,3813380,8158254
202601,209351,1309113,2,1.03,"NNE","YAWKEY",38.2331,-81.961,3813986,8157660
202601,209351,1309113,3,1.04,"NW","GRIFFITHSVILLE",38.2424,-81.991,3814544,8159460
202601,209351,1309113,4,1.95,"WNW","GRIFFITHSVILLE",38.2445,-82.0108,3814670,82648
202601,209351,1309113,5,1.81,"WNW","GRIFFITHSVILLE",38.2361,-82.0125,3814166,82750
202601,209351,1309116,1,1.05,"SE","BANCO",37.9911,-82.0044,3759466,82264
202601,209351,1309116,2,2.15,"ESE","CHAPMANVILLE",37.9708,-81.9823,3758248,8158938
202601,209351,1309116,3,2.57,"NW","LAKE",37.9532,-81.9369,3757192,8156214
202601,209351,1309116,4,3.09,"NW","LAKE",37.9671,-81.9317,3758026,8155902
202601,209351,1309116,5,1.3,"ESE","BANCO",37.992,-81.9985,3759520,8159910
202601,209411,1305158,1,1.27,"WSW","IRVING",39.19,-89.42,3911400,8925200
202601,209411,1305158,2,3.38,"SE","OHLMAN",39.32,-89.17,3919200,8910200
202601,209411,1305159,1,1.75,"ENE","MT OLIVE",39.08,-89.7,394800,8942000
202601,209411,1305160,1,.88,"SW","SHATTUC",38.61,-89.19,3836600,8911400
202601,209411,1305161,1,1.28,"WSW","DURLEY",38.92,-89.39,3855200,8923400
202601,209504,1305970,1,4.56,"WNW","VOLCANO",19.4553,-155.2892,1927318,15517352
202601,209504,1305970,2,2.36,"SW","VOLCANO",19.3919,-155.2506,1923514,15515036
202601,209504,1305970,3,2,"SSE","PAHALA",19.1757,-155.4634,1910542,15527804
202601,209504,1305970,4,3.24,"NNW","PAHALA",19.2395,-155.5067,1914370,15530402
202601,209506,1305971,1,1.5,"SSE","KNOXO",31.11,-90.04,316600,902400
202601,209506,1305971,2,3.2,"NE","KNOXO",31.157,-90.006,319420,90360
202601,209588,1306552,1,2.3,"SSW","TENDOY",44.9396,-113.6392,4456376,11338352
202601,209588,1306552,2,2.33,"SSW","TENDOY",44.9398,-113.6411,4456388,11338466
202601,209588,1306552,3,2.1,"SSW","TENDOY",44.9437,-113.6415,4456622,11338490
202601,209588,1306552,4,2.05,"SSW","TENDOY",44.944,-113.6401,4456640,11338406
202601,209597,1306646,1,.97,"WSW","MINIER",40.4265,-89.3378,4025590,8920268
202601,209597,1306647,1,.67,"NNE","MINIER",40.4383,-89.3133,4026298,8918798
202601,209597,1306649,1,1,"SW","MACKINAW",40.5198,-89.3635,4031188,8921810
202601,209597,1306650,1,2.06,"WNW","WALNUT",40.494,-89.4046,4029640,8924276
202601,209597,1306651,1,1.26,"ESE","CRANDALL",40.62,-89.41,4037200,8924600
202601,209597,1306652,1,.68,"NE","CREVE COEUR",40.6559,-89.5696,4039354,8934176
202601,209597,1306653,1,.87,"NW","CREVE COEUR",40.66,-89.59,4039600,8935400
202601,209597,1306654,1,1.27,"WSW","PESOTUM",39.91,-88.29,3954600,8817400
202601,209597,1306655,1,.53,"E","BONDVILLE",40.12,-88.36,407200,8821600
202601,209610,1306722,1,39.55,"NNE","SICILY IS",32.4099,-91.5294,3224594,9131764
202601,209758,1308058,1,3.97,"WSW","DAYTON",39.63,-121.95,3937800,12157000
202601,209758,1308058,2,8.28,"WSW","DAYTON",39.6254,-122.0323,3937524,1221938
202601,209758,1308058,3,8.62,"WSW","DAYTON",39.5813,-122.0151,3934878,122906
202601,209758,1308058,4,5.28,"SW","DAYTON",39.593,-121.9462,3935580,12156772
202601,209758,1308060,1,1.76,"ESE","NATOMA",38.64,-121.15,3838400,1219000
202601,209758,1308060,2,1.94,"ESE","NATOMA",38.6365,-121.1485,3838190,1218910
202601,209758,1308060,3,1.4,"SE","NATOMA",38.6381,-121.1591,3838286,1219546
202601,209758,1308060,4,1.21,"ESE","NATOMA",38.6439,-121.159,3838634,1219540
202601,209758,1308060,5,1.46,"ESE","NATOMA",38.6444,-121.1539,3838664,1219234
202601,209758,1308061,1,2.14,"NNE","ESPARTO",38.73,-122.01,3843800,122600
202601,209758,1308061,2,2.87,"ENE","CAPAY",38.7405,-122.0037,3844430,122222
202601,209758,1308061,3,2.84,"NE","ESPARTO",38.7332,-121.9892,3843992,12159352
202601,209758,1308061,4,2.43,"NNE","ESPARTO",38.7305,-121.9975,3843830,12159850
202601,209758,1308063,1,1.29,"WNW","FAIROAKS",37.96,-121.27,3757600,12116200
202601,209758,1308063,2,1.4,"ESE","STOCKTON",37.9604,-121.2773,3757624,12116638
202601,209758,1308063,3,1.28,"W","FAIROAKS",37.9503,-121.2735,3757018,12116410
202601,209758,1308063,4,.95,"W","FAIROAKS",37.9525,-121.2672,3757150,12116032
202601,209758,1308064,1,1.75,"SW","SHINGLE SPGS ARPT",38.66,-121,3839600,12100
202601,209758,1308064,2,1.53,"SSW","SHINGLE SPGS ARPT",38.6606,-120.9936,3839636,12059616
202601,209758,1308064,3,1.9,"SSW","SHINGLE SPGS ARPT",38.6548,-120.9941,3839288,12059646
202601,209758,1308064,4,2.09,"SSW","SHINGLE SPGS ARPT",38.6538,-120.9993,3839228,12059958
202601,209758,1308066,1,2.14,"SSE","SHINGLE SPGS ARPT",38.65,-120.97,3839000,12058200
202601,209758,1308066,2,1.18,"S","SHINGLE SPGS ARPT",38.663,-120.978,3839780,12058680
202601,209758,1308066,3,1.27,"SE","SHINGLE SPGS ARPT",38.6673,-120.9631,3840038,12057786
202601,209758,1308066,4,1.55,"SW","SHINGLE SPGS",38.6573,-120.9536,3839438,12057216
202601,209758,1308067,1,.87,"SE","PLATINA",40.36,-122.89,4021600,12253400
202601,209758,1308067,2,1.65,"SSE","PLATINA",40.3482,-122.8873,4020892,12253238
202601,209758,1308067,3,1.1,"SSW","BEEGUM",40.3363,-122.8609,4020178,12251654
202601,209758,1308067,4,1.02,"E","BEEGUM",40.3508,-122.8306,4021048,12249836
202601,209758,1308067,5,1.44,"NW","BEEGUM",40.3652,-122.8687,4021912,12252122
202601,209758,1308068,1,3.21,"NNE","CLEMENTS",38.24,-121.05,3814400,1213000
202601,209758,1308068,2,2.65,"NNE","CLEMENTS",38.2344,-121.0584,3814064,1213504
202601,209758,1308068,3,3.02,"NE","CLEMENTS",38.2333,-121.044,3813998,1212640
202601,209758,1308068,4,3.41,"NE","CLEMENTS",38.238,-121.0397,3814280,1212382
202601,209758,1308070,1,.69,"S","MAGALIA",39.81,-121.58,3948600,12134800
202601,209758,1308070,2,.87,"SSE","MAGALIA",39.8086,-121.5732,3948516,12134392
202601,209758,1308070,3,.29,"ESE","MAGALIA",39.8182,-121.5751,3949092,12134506
202601,209758,1308070,4,.44,"SW","MAGALIA",39.8157,-121.5861,3948942,12135166
202601,209758,1308071,1,.69,"N","LAKEBED",40.91,-122.38,4054600,12222800
202601,209758,1308071,2,1.14,"WNW","LAKEBED",40.9067,-122.4,4054402,12224000
202601,209758,1308071,3,.81,"W","LAKESHORE",40.872,-122.3952,4052320,12223712
202601,209758,1308071,4,1.32,"SSW","LAKEHEAD",40.8825,-122.3603,4052950,12221618
202601,209758,1308073,1,.69,"N","BELDEN",40.01,-121.25,40600,12115000
202601,209758,1308073,2,.84,"SSE","BELDEN",39.9897,-121.2418,3959382,12114508
202601,209758,1308073,3,.74,"SW","BELDEN",39.9933,-121.261,3959598,12115660
202601,209758,1308073,4,.73,"NW","BELDEN",40.0071,-121.2602,40426,12115612
202601,209758,1308075,1,2.14,"SSE","HICKMAN",37.59,-120.74,3735400,12044400
202601,209758,1308075,2,1.67,"S","HICKMAN",37.596,-120.7472,3735760,12044832
202601,209758,1308075,3,1.75,"SSE","HICKMAN",37.596,-120.74,3735760,12044400
202601,209758,1308075,4,2.13,"SSE","HICKMAN",37.5908,-120.7375,3735448,12044250
202601,209758,1308076,1,1.38,"S","DEL PASO HGTS",38.58,-121.47,3834800,12128200
202601,209758,1308076,2,1.48,"SSE","DEL PASO HGTS",38.5808,-121.4578,3834848,12127468
202601,209758,1308076,3,1.57,"NNE","SACRAMENTO",38.5709,-121.4584,3834254,12127504
202601,209758,1308076,4,1.69,"N","SACRAMENTO",38.5745,-121.4709,3834470,12128254
202601,209758,1308077,1,0,"N","NIMBUS",38.63,-121.22,3837800,12113200
202601,209758,1308077,2,.72,"NE","NIMBUS",38.6385,-121.2122,3838310,12112732
202601,209758,1308077,3,.49,"WSW","ALDER CREEK",38.6283,-121.2088,3837698,12112528
202601,209758,1308077,4,.2,"SE","NIMBUS",38.6279,-121.2176,3837674,12113056
202601,209758,1308078,1,2.28,"SW","FLORIN",38.4759,-121.4288,3828554,12125728
202601,209758,1308078,2,1.58,"SW","FLORIN",38.4833,-121.4201,3828998,12125206
202601,209758,1308078,3,2.29,"SSW","FLORIN",38.4683,-121.412,3828098,12124720
202601,209758,1308078,4,2.52,"SSW","FLORIN",38.4691,-121.4248,3828146,12125488
202601,209758,1308079,1,.69,"S","HEBRON",38.67,-121.73,3840200,12143800
202601,209758,1308079,2,.47,"NW","HEBRON",38.6851,-121.7358,3841106,12144148
202601,209758,1308079,3,.47,"WNW","WOODLAND",38.6823,-121.7783,3840938,12146698
202601,209758,1308079,4,.65,"SSE","WOODLAND",38.6709,-121.7675,3840254,12146050
202601,209758,1308080,1,2.36,"NW","SACRAMENTO",38.5731,-121.5023,3834386,12130138
202601,209758,1308080,2,2.56,"WSW","DEL PASO HGTS",38.5807,-121.5105,3834842,12130630
202601,209758,1308080,3,2.93,"WNW","SACRAMENTO",38.5692,-121.5184,3834152,12131104
202601,209758,1308080,4,2.33,"WNW","SACRAMENTO",38.5659,-121.508,3833954,12130480
202601,209758,1308082,1,.94,"NW","(SAC)SACRAMENTO ARPT",38.5286,-121.5136,3831716,12130816
202601,209758,1308082,2,1.3,"NNW","(SAC)SACRAMENTO ARPT",38.5362,-121.5121,3832172,12130726
202601,209758,1308082,3,1.53,"NW","(SAC)SACRAMENTO ARPT",38.5362,-121.5193,3832172,12131158
202601,209758,1308082,4,1.36,"WNW","(SAC)SACRAMENTO ARPT",38.5253,-121.5243,3831518,12131458
202601,209758,1308082,5,.79,"WNW","(SAC)SACRAMENTO ARPT",38.524,-121.5137,3831440,12130822
202601,209758,1308083,1,.88,"SE","BUENA VISTA",38.29,-120.91,3817400,12054600
202601,209758,1308083,2,1.05,"SSE","BUENA VISTA",38.2852,-120.915,3817112,12054900
202601,209758,1308083,3,1.25,"SSE","BUENA VISTA",38.2828,-120.9127,3816968,12054762
202601,209758,1308083,4,1.28,"SE","BUENA VISTA",38.2867,-120.9036,3817202,12054216
202601,209758,1308084,1,4.3,"W","LINCOLN MUNI ARPT",38.9,-121.43,3854000,12125800
202601,209758,1308084,2,4.38,"W","LINCOLN MUNI ARPT",38.895,-121.4313,3853700,12125878
202601,209758,1308084,3,3.86,"W","LINCOLN MUNI ARPT",38.896,-121.4216,3853760,12125296
202601,209758,1308084,4,3.91,"W","LINCOLN MUNI ARPT",38.8996,-121.4228,3853976,12125368
202601,209758,1308085,1,2.76,"S","LATHROP",37.79,-121.28,3747400,12116800
202601,209758,1308085,2,2.5,"S","LATHROP",37.7941,-121.2861,3747646,12117166
202601,209758,1308085,3,2.7,"N","BETHANY",37.7885,-121.2914,3747310,12117484
202601,209758,1308085,4,2.69,"NNE","BETHANY",37.7866,-121.283,3747196,12116980
202601,209758,1308086,1,.54,"E","HIDDEN VLY",38.77,-121.16,3846200,1219600
202601,209758,1308086,2,.24,"ENE","HIDDEN VLY",38.7709,-121.1657,3846254,1219942
202601,209758,1308086,3,.34,"NE","HIDDEN VLY",38.7728,-121.1648,3846368,1219888
202601,209758,1308086,4,.52,"ENE","HIDDEN VLY",38.7724,-121.1608,3846344,1219648
202601,209758,1308087,1,0,"N","PINE GROVE",40.67,-122.35,4040200,12221000
202601,209758,1308087,2,.56,"S","CENTRAL VLY",40.6719,-122.3692,4040314,12222152
202601,209758,1308087,3,1.53,"N","PROJECT CITY",40.7021,-122.3504,4042126,12221024
202601,209758,1308087,4,1.7,"NE","PROJECT CITY",40.6991,-122.3295,4041946,12219770
202601,209758,1308088,1,1.48,"NNW","DIAMOND SPGS",38.72,-120.83,3843200,12049800
202601,209758,1308088,2,1.51,"NNW","DIAMOND SPGS",38.7199,-120.8314,3843194,12049884
202601,209758,1308088,3,1.75,"NNW","DIAMOND SPGS",38.7232,-120.8328,3843392,12049968
202601,209758,1308088,4,1.72,"NNW","DIAMOND SPGS",38.7234,-120.831,3843404,12049860
202601,209758,1308089,1,3.81,"NNE","LINCOLN",38.93,-121.25,3855800,12115000
